"RK",TIERS,"PLAYER NAME",TEAM,"POS","BYE WEEK","UPSIDE ","BUST ","SOS SEASON","ECR VS. ADP"
"1",1,"Ja'Marr Chase",CIN,"WR1","6","5 out of 5","1 out of 5","4 out of 5 stars","+2"
"2",1,"Jahmyr Gibbs",DET,"RB1","6","5 out of 5","1 out of 5","5 out of 5 stars","-1"
"3",1,"Puka Nacua",LAR,"WR2","11","5 out of 5","2 out of 5","1 out of 5 stars","+1"
"4",1,"Bijan Robinson",ATL,"RB2","11","5 out of 5","1 out of 5","2 out of 5 stars","-2"
"5",2,"Jaxon Smith-Njigba",SEA,"WR3","11","5 out of 5","2 out of 5","3 out of 5 stars","+1"
"6",2,"Amon-Ra St. Brown",DET,"WR4","6","5 out of 5","1 out of 5","4 out of 5 stars","+2"
"7",2,"Christian McCaffrey",SF,"RB3","8","4 out of 5","4 out of 5","2 out of 5 stars","-2"
"8",2,"CeeDee Lamb",DAL,"WR5","14","4 out of 5","2 out of 5","2 out of 5 stars","+2"
"9",2,"Justin Jefferson",MIN,"WR6","6","5 out of 5","2 out of 5","5 out of 5 stars","+3"
"10",3,"Drake London",ATL,"WR7","11","4 out of 5","3 out of 5","3 out of 5 stars","+10"
"11",3,"Jonathan Taylor",IND,"RB4","13","4 out of 5","3 out of 5","4 out of 5 stars","-4"
"12",3,"A.J. Brown",NE,"WR8","11","5 out of 5","2 out of 5","2 out of 5 stars","+6"
"13",3,"Chris Olave",NO,"WR9","8","4 out of 5","4 out of 5","3 out of 5 stars","+13"
"14",3,"James Cook III",BUF,"RB5","7","5 out of 5","1 out of 5","2 out of 5 stars","-5"
"15",3,"Nico Collins",HOU,"WR10","8","4 out of 5","2 out of 5","3 out of 5 stars","+9"
"16",3,"Trey McBride",ARI,"TE1","14","4 out of 5","2 out of 5","2 out of 5 stars","+9"
"17",3,"Chase Brown",CIN,"RB6","6","5 out of 5","2 out of 5","2 out of 5 stars","-4"
"18",4,"George Pickens",DAL,"WR11","14","4 out of 5","4 out of 5","2 out of 5 stars","+5"
"19",4,"Malik Nabers",NYG,"WR12","8","4 out of 5","4 out of 5","4 out of 5 stars","+8"
"20",4,"De'Von Achane",MIA,"RB7","6","4 out of 5","4 out of 5","3 out of 5 stars","-9"
"21",4,"Brock Bowers",LV,"TE2","13","5 out of 5","1 out of 5","3 out of 5 stars","+1"
"22",4,"DeVonta Smith",PHI,"WR13","10","4 out of 5","2 out of 5","4 out of 5 stars","+10"
"23",4,"Josh Allen",BUF,"QB1","7","5 out of 5","2 out of 5","3 out of 5 stars","-2"
"24",4,"Saquon Barkley",PHI,"RB8","10","4 out of 5","4 out of 5","4 out of 5 stars","-10"
"25",4,"Kenneth Walker III",KC,"RB9","5","5 out of 5","4 out of 5","3 out of 5 stars","-8"
"26",5,"Omarion Hampton",LAC,"RB10","7","5 out of 5","2 out of 5","3 out of 5 stars","-11"
"AD",5
"27",5,"Ashton Jeanty",LV,"RB11","13","4 out of 5","4 out of 5","2 out of 5 stars","-8"
"28",5,"Rashee Rice",KC,"WR14","5","4 out of 5","4 out of 5","2 out of 5 stars","+3"
"29",5,"Zay Flowers",BAL,"WR15","13","4 out of 5","2 out of 5","4 out of 5 stars","+6"
"30",5,"Lamar Jackson",BAL,"QB2","13","4 out of 5","4 out of 5","3 out of 5 stars","+6"
"31",5,"Drake Maye",NE,"QB3","11","5 out of 5","1 out of 5","2 out of 5 stars","+21"
"32",5,"Garrett Wilson",NYJ,"WR16","13","4 out of 5","4 out of 5","4 out of 5 stars","+7"
"33",5,"Ladd McConkey",LAC,"WR17","7","4 out of 5","3 out of 5","2 out of 5 stars","+10"
"34",5,"Jaylen Waddle",DEN,"WR18","10","4 out of 5","3 out of 5","2 out of 5 stars","+12"
"35",5,"Colston Loveland",CHI,"TE3","10","5 out of 5","2 out of 5","2 out of 5 stars","+5"
"36",5,"Tetairoa McMillan",CAR,"WR19","5","4 out of 5","3 out of 5","2 out of 5 stars","+2"
"37",5,"Tee Higgins",CIN,"WR20","6","5 out of 5","2 out of 5","4 out of 5 stars","+4"
"38",6,"Derrick Henry",BAL,"RB12","13","4 out of 5","2 out of 5","3 out of 5 stars","-22"
"39",6,"Breece Hall",NYJ,"RB13","13","4 out of 5","4 out of 5","3 out of 5 stars","-6"
"40",6,"Jeremiyah Love",ARI,"RB14","14","5 out of 5","4 out of 5","2 out of 5 stars","-10"
"41",6,"Javonte Williams",DAL,"RB15","14","4 out of 5","4 out of 5","4 out of 5 stars","-13"
"42",6,"Kyren Williams",LAR,"RB16","11","4 out of 5","2 out of 5","5 out of 5 stars","-13"
"43",6,"Luther Burden III",CHI,"WR21","10","4 out of 5","4 out of 5","3 out of 5 stars","+10"
"44",6,"Emeka Egbuka",TB,"WR22","10","4 out of 5","3 out of 5","4 out of 5 stars","-2"
"45",6,"Joe Burrow",CIN,"QB4","6","4 out of 5","4 out of 5","3 out of 5 stars","+9"
"46",6,"Travis Etienne Jr.",NO,"RB17","8","4 out of 5","4 out of 5","3 out of 5 stars","-12"
"47",6,"Jameson Williams",DET,"WR23","6","4 out of 5","3 out of 5","4 out of 5 stars","+11"
"48",6,"Terry McLaurin",WAS,"WR24","7","4 out of 5","2 out of 5","2 out of 5 stars","+7"
"49",6,"Davante Adams",LAR,"WR25","11","4 out of 5","4 out of 5","1 out of 5 stars","+1"
"50",6,"D'Andre Swift",CHI,"RB18","10","3 out of 5","2 out of 5","2 out of 5 stars","-6"
"51",6,"Christian Watson",GB,"WR26","11","4 out of 5","4 out of 5","5 out of 5 stars","+14"
"52",6,"Bucky Irving",TB,"RB19","10","3 out of 5","4 out of 5","2 out of 5 stars","-5"
"53",7,"Jayden Daniels",WAS,"QB5","7","4 out of 5","4 out of 5","2 out of 5 stars","+8"
"54",7,"Tyler Warren",IND,"TE4","13","5 out of 5","2 out of 5","3 out of 5 stars","-3"
"55",7,"Jalen Hurts",PHI,"QB6","10","4 out of 5","3 out of 5","5 out of 5 stars","+7"
"56",7,"Mike Evans",SF,"WR27","8","4 out of 5","4 out of 5","2 out of 5 stars","+11"
"57",7,"DJ Moore",BUF,"WR28","7","4 out of 5","2 out of 5","4 out of 5 stars","-9"
"58",7,"Parker Washington",JAC,"WR29","7","4 out of 5","2 out of 5","4 out of 5 stars","+5"
"59",7,"Cam Skattebo",NYG,"RB20","8","4 out of 5","4 out of 5","4 out of 5 stars","-22"
"60",7,"David Montgomery",HOU,"RB21","8","4 out of 5","2 out of 5","4 out of 5 stars","-11"
"61",7,"Rome Odunze",CHI,"WR30","10","4 out of 5","3 out of 5","3 out of 5 stars","-2"
"62",7,"Quinshon Judkins",CLE,"RB22","11","4 out of 5","4 out of 5","3 out of 5 stars","-17"
"63",7,"Caleb Williams",CHI,"QB7","10","5 out of 5","2 out of 5","3 out of 5 stars","+15"
"64",7,"Carnell Tate",TEN,"WR31","9","4 out of 5","2 out of 5","3 out of 5 stars","+11"
"65",7,"TreVeyon Henderson",NE,"RB23","11","4 out of 5","4 out of 5","2 out of 5 stars","-5"
"66",7,"Justin Herbert",LAC,"QB8","7","5 out of 5","2 out of 5","2 out of 5 stars","+17"
"67",7,"Harold Fannin Jr.",CLE,"TE5","11","4 out of 5","3 out of 5","3 out of 5 stars","-1"
"68",7,"Marvin Harrison Jr.",ARI,"WR32","14","3 out of 5","4 out of 5","2 out of 5 stars","+4"
"69",7,"Bhayshul Tuten",JAC,"RB24","7","4 out of 5","3 out of 5","4 out of 5 stars","-13"
"70",7,"DK Metcalf",PIT,"WR33","9","3 out of 5","3 out of 5","3 out of 5 stars","+10"
"71",8,"Chris Godwin Jr.",TB,"WR34","10","4 out of 5","4 out of 5","4 out of 5 stars","+16"
"72",8,"Trevor Lawrence",JAC,"QB9","7","5 out of 5","2 out of 5","4 out of 5 stars","+16"
"73",8,"Rhamondre Stevenson",NE,"RB25","11","4 out of 5","3 out of 5","2 out of 5 stars","-9"
"74",8,"Jaylen Warren",PIT,"RB26","9","4 out of 5","4 out of 5","2 out of 5 stars","-6"
"75",8,"Jadarian Price",SEA,"RB27","11","4 out of 5","4 out of 5","4 out of 5 stars","-18"
"76",8,"Kyle Pitts Sr.",ATL,"TE6","11","4 out of 5","4 out of 5","3 out of 5 stars","-5"
"77",8,"Michael Pittman Jr.",PIT,"WR35","9","3 out of 5","3 out of 5","3 out of 5 stars","+17"
"78",8,"Brian Thomas Jr.",JAC,"WR36","7","2 out of 5","4 out of 5","4 out of 5 stars","+6"
"79",8,"Courtland Sutton",DEN,"WR37","10","2 out of 5","4 out of 5","2 out of 5 stars","-2"
"80",8,"Dak Prescott",DAL,"QB10","14","4 out of 5","2 out of 5","2 out of 5 stars","-6"
"81",8,"Rico Dowdle",PIT,"RB28","9","4 out of 5","4 out of 5","2 out of 5 stars","-2"
"82",8,"Wan'Dale Robinson",TEN,"WR38","9","4 out of 5","3 out of 5","3 out of 5 stars","+21"
"83",8,"Sam LaPorta",DET,"TE7","6","4 out of 5","3 out of 5","3 out of 5 stars","-10"
"84",8,"Tucker Kraft",GB,"TE8","11","5 out of 5","3 out of 5","2 out of 5 stars","-15"
"85",8,"Tony Pollard",TEN,"RB29","9","4 out of 5","3 out of 5","3 out of 5 stars","-9"
"86",8,"Quentin Johnston",LAC,"WR39","7","4 out of 5","4 out of 5","2 out of 5 stars","+18"
"87",8,"Michael Wilson",ARI,"WR40","14","-","-","2 out of 5 stars","-1"
"88",8,"Jonathon Brooks",CAR,"RB30","5","4 out of 5","4 out of 5","1 out of 5 stars","-7"
"89",8,"Josh Downs",IND,"WR41","13","3 out of 5","4 out of 5","4 out of 5 stars","+30"
"90",8,"RJ Harvey",DEN,"RB31","10","2 out of 5","4 out of 5","2 out of 5 stars","-5"
"AD",8
"91",8,"Brock Purdy",SF,"QB11","8","4 out of 5","2 out of 5","1 out of 5 stars","+24"
"92",8,"Travis Kelce",KC,"TE9","5","3 out of 5","3 out of 5","4 out of 5 stars","0"
"93",9,"Stefon Diggs",WAS,"WR42","7","4 out of 5","2 out of 5","2 out of 5 stars","+5"
"94",9,"MarShawn Lloyd",GB,"RB32","11","4 out of 5","4 out of 5","4 out of 5 stars","+6"
"95",9,"George Kittle",SF,"TE10","8","4 out of 5","4 out of 5","3 out of 5 stars","-13"
"96",9,"J.K. Dobbins",DEN,"RB33","10","4 out of 5","4 out of 5","2 out of 5 stars","-7"
"97",9,"Jaxson Dart",NYG,"QB12","8","5 out of 5","4 out of 5","4 out of 5 stars","-1"
"98",9,"Kenny Gainwell",TB,"RB34","10","4 out of 5","3 out of 5","2 out of 5 stars","-5"
"99",9,"Jayden Reed",GB,"WR43","11","4 out of 5","4 out of 5","5 out of 5 stars","+22"
"100",9,"Patrick Mahomes II",KC,"QB13","5","3 out of 5","4 out of 5","2 out of 5 stars","+9"
"101",9,"Bo Nix",DEN,"QB14","10","4 out of 5","2 out of 5","3 out of 5 stars","+13"
"102",9,"Chuba Hubbard",CAR,"RB35","5","2 out of 5","4 out of 5","1 out of 5 stars","-12"
"103",9,"Jared Goff",DET,"QB15","6","4 out of 5","2 out of 5","5 out of 5 stars","+23"
"104",9,"Jordan Addison",MIN,"WR44","6","4 out of 5","3 out of 5","5 out of 5 stars","+3"
"105",9,"Jakobi Meyers",JAC,"WR45","7","2 out of 5","3 out of 5","4 out of 5 stars","+18"
"106",9,"Dalton Kincaid",BUF,"TE11","7","3 out of 5","4 out of 5","3 out of 5 stars","+16"
"107",9,"Alec Pierce",IND,"WR46","13","4 out of 5","4 out of 5","4 out of 5 stars","-16"
"108",9,"Kyler Murray",MIN,"QB16","6","4 out of 5","3 out of 5","5 out of 5 stars","+29"
"109",9,"Matthew Stafford",LAR,"QB17","11","4 out of 5","2 out of 5","3 out of 5 stars","-12"
"110",9,"Blake Corum",LAR,"RB36","11","4 out of 5","4 out of 5","5 out of 5 stars","-11"
"111",9,"Makai Lemon",PHI,"WR47","10","4 out of 5","2 out of 5","4 out of 5 stars","+2"
"112",9,"Rachaad White",WAS,"RB37","7","4 out of 5","2 out of 5","4 out of 5 stars","+6"
"113",9,"Jordan Love",GB,"QB18","11","4 out of 5","3 out of 5","4 out of 5 stars","+34"
"114",9,"Jacory Croskey-Merritt",WAS,"RB38","7","4 out of 5","4 out of 5","4 out of 5 stars","-4"
"115",9,"Kyle Monangai",CHI,"RB39","10","4 out of 5","3 out of 5","2 out of 5 stars","-9"
"116",9,"Khalil Shakir",BUF,"WR48","7","2 out of 5","4 out of 5","4 out of 5 stars","+32"
"117",9,"Aaron Jones Sr.",MIN,"RB40","6","1 out of 5","4 out of 5","4 out of 5 stars","+3"
"118",9,"Tyler Shough",NO,"QB19","8","4 out of 5","2 out of 5","3 out of 5 stars","+36"
"119",9,"Dallas Goedert",PHI,"TE12","10","4 out of 5","3 out of 5","4 out of 5 stars","-7"
"120",9,"Baker Mayfield",TB,"QB20","10","3 out of 5","4 out of 5","2 out of 5 stars","+20"
"121",10,"KC Concepcion",CLE,"WR49","11","4 out of 5","3 out of 5","3 out of 5 stars","+4"
"122",10,"Jake Ferguson",DAL,"TE13","14","2 out of 5","4 out of 5","2 out of 5 stars","-5"
"123",10,"Jordan Mason",MIN,"RB41","6","4 out of 5","3 out of 5","4 out of 5 stars","-21"
"124",10,"Isaiah Likely",NYG,"TE14","8","4 out of 5","3 out of 5","3 out of 5 stars","-19"
"125",10,"Jalen Coker",CAR,"WR50","5","4 out of 5","3 out of 5","2 out of 5 stars","+17"
"126",10,"Juwan Johnson",NO,"TE15","8","4 out of 5","2 out of 5","2 out of 5 stars","+23"
"127",10,"Xavier Worthy",KC,"WR51","5","4 out of 5","4 out of 5","2 out of 5 stars","+3"
"128",10,"Matthew Golden",GB,"WR52","11","3 out of 5","4 out of 5","5 out of 5 stars","-1"
"129",10,"Malik Willis",MIA,"QB21","6","4 out of 5","4 out of 5","3 out of 5 stars","+39"
"130",10,"Mark Andrews",BAL,"TE16","13","4 out of 5","4 out of 5","4 out of 5 stars","-2"
"131",10,"Romeo Doubs",NE,"WR53","11","4 out of 5","3 out of 5","2 out of 5 stars","-2"
"132",10,"Woody Marks",HOU,"RB42","8","3 out of 5","4 out of 5","4 out of 5 stars","-1"
"133",10,"Tyler Allgeier",ARI,"RB43","14","3 out of 5","4 out of 5","2 out of 5 stars","+8"
"134",10,"Deebo Samuel Sr.",SF,"WR54","8","4 out of 5","3 out of 5","2 out of 5 stars","+1"
"135",10,"Sam Darnold",SEA,"QB22","11","2 out of 5","4 out of 5","4 out of 5 stars","+49"
"136",10,"Tyjae Spears",TEN,"RB44","9","4 out of 5","4 out of 5","3 out of 5 stars","+7"
"137",10,"Jordyn Tyson",NO,"WR55","8","3 out of 5","5 out of 5","3 out of 5 stars","+9"
"138",10,"C.J. Stroud",HOU,"QB23","8","3 out of 5","4 out of 5","4 out of 5 stars","+43"
"139",10,"Chris Rodriguez Jr.",JAC,"RB45","7","3 out of 5","4 out of 5","4 out of 5 stars","-5"
"140",10,"Dylan Sampson",CLE,"RB46","11","4 out of 5","2 out of 5","3 out of 5 stars","+30"
"141",10,"De'Zhaun Stribling",SF,"WR56","8","4 out of 5","4 out of 5","2 out of 5 stars","-30"
"142",10,"Rashid Shaheed",SEA,"WR57","11","3 out of 5","4 out of 5","3 out of 5 stars","+2"
"143",10,"Jonah Coleman",DEN,"RB47","10","4 out of 5","4 out of 5","2 out of 5 stars","+9"
"144",10,"Josh Jacobs",GB,"RB48","11","4 out of 5","5 out of 5","4 out of 5 stars","-74"
"145",10,"Zach Charbonnet",SEA,"RB49","11","3 out of 5","4 out of 5","4 out of 5 stars","0"
"146",10,"Keaton Mitchell",LAC,"RB50","7","4 out of 5","4 out of 5","3 out of 5 stars","+15"
"147",10,"Tre Tucker",LV,"WR58","13","4 out of 5","2 out of 5","2 out of 5 stars","+26"
"148",10,"Tyrone Tracy Jr.",NYG,"RB51","8","1 out of 5","4 out of 5","4 out of 5 stars","+44"
"149",10,"Brenton Strange",JAC,"TE17","7","4 out of 5","3 out of 5","3 out of 5 stars","+8"
"150",10,"Cam Ward",TEN,"QB24","9","4 out of 5","4 out of 5","3 out of 5 stars","+81"
"151",11,"Daniel Jones",IND,"QB25","13","4 out of 5","4 out of 5","4 out of 5 stars","+27"
"152",11,"Houston Texans",HOU,"DST1","8","-","-","2 out of 5 stars","-51"
"153",11,"Alvin Kamara",NO,"RB52","8","2 out of 5","4 out of 5","3 out of 5 stars","+5"
"154",11,"Mike Washington Jr.",LV,"RB53","13","4 out of 5","4 out of 5","2 out of 5 stars","-16"
"155",11,"Hunter Henry",NE,"TE18","11","2 out of 5","4 out of 5","4 out of 5 stars","+1"
"156",11,"Kayshon Boutte",HOU,"WR59","8","3 out of 5","4 out of 5","3 out of 5 stars","+41"
"157",11,"Dalton Schultz",HOU,"TE19","8","3 out of 5","2 out of 5","4 out of 5 stars","+18"
"158",11,"Denzel Boston",CLE,"WR60","11","4 out of 5","4 out of 5","3 out of 5 stars","+14"
"159",11,"Jauan Jennings",MIN,"WR61","6","2 out of 5","4 out of 5","5 out of 5 stars","+46"
"160",11,"Denver Broncos",DEN,"DST2","10","-","-","4 out of 5 stars","-44"
"161",11,"Bryce Young",CAR,"QB26","5","2 out of 5","4 out of 5","2 out of 5 stars","+51"
"162",11,"Jerry Jeudy",CLE,"WR62","11","1 out of 5","4 out of 5","3 out of 5 stars","+17"
"163",11,"Los Angeles Rams",LAR,"DST3","11","-","-","2 out of 5 stars","-55"
"164",11,"Tank Bigsby",PHI,"RB54","10","4 out of 5","3 out of 5","4 out of 5 stars","+5"
"165",11,"Seattle Seahawks",SEA,"DST4","11","-","-","2 out of 5 stars","-41"
"166",11,"Chig Okonkwo",WAS,"TE20","7","4 out of 5","3 out of 5","1 out of 5 stars","+35"
"167",11,"Philadelphia Eagles",PHI,"DST5","10","-","-","0 out of 5 stars","-28"
"168",11,"Adonai Mitchell",NYJ,"WR63","13","4 out of 5","4 out of 5","4 out of 5 stars","+67"
"169",11,"Brian Robinson Jr.",ATL,"RB55","11","1 out of 5","4 out of 5","2 out of 5 stars","-4"
"170",11,"Kimani Vidal",LAC,"RB56","7","1 out of 5","4 out of 5","3 out of 5 stars","+72"
"171",11,"Ryan Flournoy",DAL,"WR64","14","4 out of 5","3 out of 5","2 out of 5 stars","+61"
"172",11,"New England Patriots",NE,"DST6","11","-","-","3 out of 5 stars","-19"
"173",11,"Omar Cooper Jr.",NYJ,"WR65","13","4 out of 5","4 out of 5","4 out of 5 stars","+52"
"174",11,"Tre' Harris",LAC,"WR66","7","4 out of 5","2 out of 5","2 out of 5 stars","+64"
"175",11,"Pat Bryant",DEN,"WR67","10","3 out of 5","4 out of 5","2 out of 5 stars","+103"
"176",11,"Emmett Johnson",KC,"RB57","5","4 out of 5","4 out of 5","3 out of 5 stars","+9"
"177",11,"Minnesota Vikings",MIN,"DST7","6","-","-","1 out of 5 stars","-15"
"178",11,"Braelon Allen",NYJ,"RB58","13","1 out of 5","4 out of 5","3 out of 5 stars","+22"
"179",11,"T.J. Hockenson",MIN,"TE21","6","2 out of 5","4 out of 5","4 out of 5 stars","-12"
"180",11,"Brandon Aubrey",DAL,"K1","14","5 out of 5","1 out of 5","2 out of 5 stars","-85"
"181",11,"Dontayvion Wicks",PHI,"WR68","10","4 out of 5","4 out of 5","4 out of 5 stars","+76"
"182",11,"Pittsburgh Steelers",PIT,"DST8","9","-","-","5 out of 5 stars","-31"
"183",11,"Jacksonville Jaguars",JAC,"DST9","7","-","-","3 out of 5 stars","-17"
"184",11,"Los Angeles Chargers",LAC,"DST10","7","-","-","3 out of 5 stars","-13"
"185",12,"Travis Hunter",JAC,"WR69","7","3 out of 5","4 out of 5","4 out of 5 stars","+34"
"186",12,"Keenan Allen",IND,"WR70","13","3 out of 5","3 out of 5","4 out of 5 stars","-23"
"187",12,"Ka'imi Fairbairn",HOU,"K2","8","5 out of 5","1 out of 5","2 out of 5 stars","-55"
"188",12,"Malik Washington",MIA,"WR71","6","3 out of 5","4 out of 5","3 out of 5 stars","+35"
"189",12,"Jalen McMillan",TB,"WR72","10","4 out of 5","3 out of 5","4 out of 5 stars","+17"
"190",12,"Cameron Dicker",LAC,"K3","7","5 out of 5","1 out of 5","2 out of 5 stars","-57"
"191",12,"Isiah Pacheco",DET,"RB59","6","3 out of 5","4 out of 5","5 out of 5 stars","-32"
"192",12,"Ray Davis",BUF,"RB60","7","-","-","2 out of 5 stars","+37"
"193",12,"Cam Little",JAC,"K4","7","-","-","4 out of 5 stars","-43"
"194",12,"Baltimore Ravens",BAL,"DST11","13","-","-","5 out of 5 stars","-39"
"195",12,"Jalen Nailor",LV,"WR73","13","-","-","2 out of 5 stars","+7"
"196",12,"Jacoby Brissett",ARI,"QB27","14","2 out of 5","4 out of 5","2 out of 5 stars","+25"
"197",12,"Jason Myers",SEA,"K5","11","4 out of 5","2 out of 5","4 out of 5 stars","-61"
"198",12,"Jaylin Noel",HOU,"WR74","8","4 out of 5","3 out of 5","3 out of 5 stars","+79"
"199",12,"Kansas City Chiefs",KC,"DST12","5","-","-","3 out of 5 stars","-8"
"200",12,"Tyler Loop",BAL,"K6","13","-","-","3 out of 5 stars","-18"
"201",12,"Sean Tucker",TB,"RB61","10","3 out of 5","4 out of 5","2 out of 5 stars","+47"
"202",12,"Green Bay Packers",GB,"DST13","11","-","-","2 out of 5 stars","-12"
"203",12,"Eddy Pineiro",SF,"K7","8","4 out of 5","2 out of 5","5 out of 5 stars","-23"
"204",12,"Terrance Ferguson",LAR,"TE22","11","4 out of 5","4 out of 5","4 out of 5 stars","-5"
"205",12,"Aaron Rodgers",PIT,"QB28","9","1 out of 5","4 out of 5","2 out of 5 stars","+31"
"206",12,"Gunnar Helm",TEN,"TE23","9","3 out of 5","4 out of 5","3 out of 5 stars","+73"
"207",12,"Calvin Ridley",TEN,"WR75","9","2 out of 5","4 out of 5","3 out of 5 stars","-14"
"208",12,"Chase McLaughlin",TB,"K8","10","4 out of 5","2 out of 5","3 out of 5 stars","+9"
"209",12,"Detroit Lions",DET,"DST14","6","-","-","5 out of 5 stars","-26"
"210",12,"AJ Barner",SEA,"TE24","11","4 out of 5","2 out of 5","3 out of 5 stars","-1"
"211",12,"Troy Franklin",DEN,"WR76","10","1 out of 5","5 out of 5","2 out of 5 stars","+80"
"212",12,"Buffalo Bills",BUF,"DST15","7","-","-","3 out of 5 stars","-23"
"213",12,"Cairo Santos",CHI,"K9","10","3 out of 5","3 out of 5","0 out of 5 stars","-19"
"214",12,"Jake Bates",DET,"K10","6","4 out of 5","2 out of 5","5 out of 5 stars","-54"
"215",12,"Nicholas Singleton",TEN,"RB62","9","3 out of 5","4 out of 5","3 out of 5 stars","+24"
"216",12,"Geno Smith",NYJ,"QB29","13","2 out of 5","4 out of 5","4 out of 5 stars","+166"
"217",12,"Harrison Mevis",LAR,"K11","11","4 out of 5","2 out of 5","2 out of 5 stars","-53"
"218",12,"Cooper Kupp",SEA,"WR77","11","2 out of 5","4 out of 5","3 out of 5 stars","-8"
"219",12,"Darnell Mooney",NYG,"WR78","8","3 out of 5","4 out of 5","4 out of 5 stars","+82"
"220",12,"Andy Borregales",NE,"K12","11","-","-","1 out of 5 stars","-6"
"221",12,"Evan McPherson",CIN,"K13","6","4 out of 5","2 out of 5","2 out of 5 stars","-35"
"222",12,"Tank Dell",HOU,"WR79","8","4 out of 5","5 out of 5","3 out of 5 stars","-18"
"223",12,"Rashod Bateman",BAL,"WR80","13","3 out of 5","4 out of 5","4 out of 5 stars","+58"
"224",12,"Malachi Fields",NYG,"WR81","8","4 out of 5","4 out of 5","4 out of 5 stars","+4"
"225",13,"Oronde Gadsden II",LAC,"TE25","7","3 out of 5","4 out of 5","4 out of 5 stars","-5"
"226",13,"Cleveland Browns",CLE,"DST16","11","-","-","5 out of 5 stars","-28"
"227",13,"Najee Harris",NYG,"RB63","8","2 out of 5","4 out of 5","4 out of 5 stars","+10"
"228",13,"Cade Otton",TB,"TE26","10","2 out of 5","3 out of 5","2 out of 5 stars","+13"
"229",13,"James Conner",ARI,"RB64","14","3 out of 5","4 out of 5","2 out of 5 stars","+44"
"230",13,"Zachariah Branch",ATL,"WR82","11","3 out of 5","4 out of 5","3 out of 5 stars","+37"
"231",13,"Justice Hill",BAL,"RB65","13","-","-","3 out of 5 stars","-7"
"232",13,"Caleb Douglas",MIA,"WR83","6","3 out of 5","4 out of 5","3 out of 5 stars","-19"
"233",13,"Kenyon Sadiq",NYJ,"TE27","13","3 out of 5","4 out of 5","4 out of 5 stars","-59"
"234",13,"Isaac TeSlaa",DET,"WR84","6","3 out of 5","4 out of 5","4 out of 5 stars","+6"
"235",13,"Keon Coleman",BUF,"WR85","7","2 out of 5","4 out of 5","4 out of 5 stars","+61"
"236",13,"George Holani",SEA,"RB66","11","3 out of 5","4 out of 5","4 out of 5 stars","+24"
"237",13,"Jaylen Wright",MIA,"RB67","6","-","-","3 out of 5 stars","+18"
"238",13,"Pat Freiermuth",PIT,"TE28","9","3 out of 5","3 out of 5","2 out of 5 stars","+8"
"239",13,"Emanuel Wilson",SEA,"RB68","11","3 out of 5","4 out of 5","4 out of 5 stars","+72"
"240",13,"Ja'Kobi Lane",BAL,"WR86","13","4 out of 5","4 out of 5","4 out of 5 stars","-64"
"241",13,"Kaytron Allen",WAS,"RB69","7","3 out of 5","4 out of 5","4 out of 5 stars","+8"
"242",13,"Germie Bernard",PIT,"WR87","9","2 out of 5","4 out of 5","3 out of 5 stars","+42"
"243",13,"Malik Davis",DAL,"RB70","14","-","-","4 out of 5 stars","+25"
"244",13,"Harrison Butker",KC,"K14","5","-","-","5 out of 5 stars","-67"
"245",13,"Chimere Dike",TEN,"WR88","9","1 out of 5","5 out of 5","3 out of 5 stars","+18"
"246",13,"Chris Bell",MIA,"WR89","6","4 out of 5","4 out of 5","3 out of 5 stars","-1"
"247",13,"Chris Brooks",GB,"RB71","11","2 out of 5","4 out of 5","4 out of 5 stars","+27"
"248",13,"Jack Bech",LV,"WR90","13","3 out of 5","4 out of 5","2 out of 5 stars","+50"
"249",13,"Devaughn Vele",NO,"WR91","8","2 out of 5","4 out of 5","3 out of 5 stars","+4"
"250",13,"Chris Boswell",PIT,"K15","9","4 out of 5","2 out of 5","4 out of 5 stars","-42"
"251",13,"Greg Dulcich",MIA,"TE29","6","4 out of 5","4 out of 5","5 out of 5 stars","-35"
"252",13,"Elic Ayomanor",TEN,"WR92","9","1 out of 5","5 out of 5","3 out of 5 stars","+63"
"253",13,"Kaelon Black",SF,"RB72","8","4 out of 5","4 out of 5","2 out of 5 stars","-57"
"254",13,"Ty Johnson",BUF,"RB73","7","-","-","2 out of 5 stars","+48"
"255",13,"LeQuint Allen Jr.",JAC,"RB74","7","2 out of 5","5 out of 5","4 out of 5 stars","+175"
"256",13,"Cyrus Allen",KC,"WR93","5","4 out of 5","4 out of 5","2 out of 5 stars","-53"
"257",13,"Evan Engram",DEN,"TE30","10","-","-","4 out of 5 stars","+104"
"258",13,"David Njoku",LAC,"TE31","7","4 out of 5","4 out of 5","4 out of 5 stars","-43"
"259",13,"Isaiah Davis",NYJ,"RB75","13","2 out of 5","4 out of 5","3 out of 5 stars","+394"
"260",13,"Wil Lutz",DEN,"K16","10","-","-","1 out of 5 stars","-53"
"261",13,"Ted Hurst III",TB,"WR94","10","4 out of 5","4 out of 5","4 out of 5 stars","+33"
"262",13,"Marvin Mims Jr.",DEN,"WR95","10","3 out of 5","4 out of 5","2 out of 5 stars","+37"
"263",13,"Tyquan Thornton",KC,"WR96","5","2 out of 5","5 out of 5","2 out of 5 stars","+162"
"264",13,"Samaje Perine",CIN,"RB76","6","2 out of 5","5 out of 5","2 out of 5 stars","+11"
"265",13,"Antonio Williams",WAS,"WR97","7","4 out of 5","2 out of 5","2 out of 5 stars","+7"
"266",13,"Colby Parkinson",LAR,"TE32","11","-","-","4 out of 5 stars","+44"
"267",13,"Xavier Legette",CAR,"WR98","5","2 out of 5","4 out of 5","2 out of 5 stars","+238"
"268",13,"Tory Horton",SEA,"WR99","11","4 out of 5","4 out of 5","3 out of 5 stars","+29"
"269",13,"Fernando Mendoza",LV,"QB30","13","4 out of 5","3 out of 5","1 out of 5 stars","-42"
"270",13,"Kyle Williams",NE,"WR100","11","3 out of 5","4 out of 5","2 out of 5 stars","-9"
"271",13,"Ollie Gordon II",MIA,"RB77","6","3 out of 5","4 out of 5","3 out of 5 stars","+146"
"272",13,"New Orleans Saints",NO,"DST17","8","-","-","5 out of 5 stars","-22"
"273",13,"Kaleb Johnson",GB,"RB78","11","1 out of 5","5 out of 5","4 out of 5 stars","-55"
"274",14,"Michael Penix Jr.",ATL,"QB31","11","2 out of 5","5 out of 5","4 out of 5 stars","+8"
"275",14,"Will Reichard",MIN,"K17","6","-","-","2 out of 5 stars","-87"
"276",14,"Mason Taylor",NYJ,"TE33","13","1 out of 5","4 out of 5","4 out of 5 stars","+11"
"277",14,"Tua Tagovailoa",ATL,"QB32","11","2 out of 5","4 out of 5","4 out of 5 stars","+8"
"278",14,"Brashard Smith",KC,"RB79","5","-","-","3 out of 5 stars","+63"
"279",14,"Demond Claiborne",MIN,"RB80","6","3 out of 5","4 out of 5","4 out of 5 stars","+33"
"280",14,"Atlanta Falcons",ATL,"DST18","11","-","-","4 out of 5 stars","-46"
"281",14,"Jordan James",SF,"RB81","8","2 out of 5","4 out of 5","2 out of 5 stars","-51"
"282",14,"Darius Slayton",NYG,"WR101","8","2 out of 5","4 out of 5","4 out of 5 stars","+213"
"283",14,"Elijah Sarratt",BAL,"WR102","13","3 out of 5","3 out of 5","4 out of 5 stars","+66"
"284",14,"Mack Hollins",NE,"WR103","11","-","-","2 out of 5 stars","+385"
"285",14,"DJ Giddens",IND,"RB82","13","2 out of 5","4 out of 5","4 out of 5 stars","+150"
"286",14,"Indianapolis Colts",IND,"DST19","13","-","-","5 out of 5 stars","-10"
"287",14,"Kendre Miller",NO,"RB83","8","2 out of 5","4 out of 5","3 out of 5 stars","+37"
"288",14,"Christian Kirk",SF,"WR104","8","1 out of 5","5 out of 5","2 out of 5 stars","-30"
"289",14,"Darren Waller",CAR,"TE34","5","-","-","2 out of 5 stars","+138"
"290",14,"Theo Johnson",NYG,"TE35","8","2 out of 5","4 out of 5","3 out of 5 stars","+35"
"291",14,"Deshaun Watson",CLE,"QB33","11","1 out of 5","5 out of 5","4 out of 5 stars","+111"
"292",14,"San Francisco 49ers",SF,"DST20","8","-","-","3 out of 5 stars","-59"
"293",14,"Andrei Iosivas",CIN,"WR105","6","-","-","4 out of 5 stars","+131"
"294",14,"Hollywood Brown",PHI,"WR106","10","-","-","4 out of 5 stars","+42"
"295",14,"Jaydon Blue",PHI,"RB84","10","3 out of 5","5 out of 5","4 out of 5 stars","-24"
"296",14,"Isaiah Bond",CLE,"WR107","11","-","-","3 out of 5 stars","+356"
"297",14,"Trey Benson",ARI,"RB85","14","1 out of 5","5 out of 5","2 out of 5 stars","+33"
"298",14,"Mike Gesicki",CIN,"TE36","6","-","-","3 out of 5 stars","+70"
"299",14,"Eli Stowers",PHI,"TE37","10","4 out of 5","4 out of 5","4 out of 5 stars","-40"
"300",14,"Seth McGowan",IND,"RB86","13","4 out of 5","4 out of 5","4 out of 5 stars","-12"
"301",14,"Kirk Cousins",LV,"QB34","13","2 out of 5","4 out of 5","1 out of 5 stars","-1"
"302",14,"Shedeur Sanders",CLE,"QB35","11","3 out of 5","4 out of 5","4 out of 5 stars","-50"
"303",14,"Brandon Aiyuk",SF,"WR108","8","2 out of 5","5 out of 5","2 out of 5 stars","-34"
"304",14,"Devin Neal",FA,"RB87","-","1 out of 5","5 out of 5","-","+36"
"305",14,"Trevor Etienne",CAR,"RB88","5","2 out of 5","4 out of 5","1 out of 5 stars","+354"
"306",14,"Devin Singletary",NYG,"RB89","8","1 out of 5","5 out of 5","4 out of 5 stars","-44"
"307",14,"Isaac Guerendo",SF,"RB90","8","-","-","2 out of 5 stars","+278"
"308",14,"DeMario Douglas",NE,"WR109","11","-","-","2 out of 5 stars","+307"
"309",14,"Skyler Bell",BUF,"WR110","7","-","-","4 out of 5 stars","+8"
"310",14,"Adam Randall",BAL,"RB91","13","3 out of 5","5 out of 5","3 out of 5 stars","+364"
"311",14,"Emari Demercado",DAL,"RB92","14","2 out of 5","5 out of 5","4 out of 5 stars","+67"
"312",14,"Jerome Ford",WAS,"RB93","7","2 out of 5","4 out of 5","4 out of 5 stars","+224"
"313",14,"Audric Estime",NO,"RB94","8","-","-","3 out of 5 stars","+29"
"314",15,"Jaleel McLaughlin",CLE,"RB95","11","-","-","3 out of 5 stars","+305"
"315",15,"Charlie Smyth",NO,"K18","8","-","-","5 out of 5 stars","-10"
"316",15,"Michael Mayer",LV,"TE38","13","-","-","3 out of 5 stars","+150"
"317",15,"Tyreek Hill",FA,"WR111","-","1 out of 5","5 out of 5","-","-70"
"318",15,"Will Shipley",PHI,"RB96","10","-","-","4 out of 5 stars","+250"
"319",15,"Charlie Kolar",LAC,"TE39","7","-","-","4 out of 5 stars","+215"
"320",15,"Jarquez Hunter",FA,"RB97","-","-","-","-","+96"
"321",15,"Chicago Bears",CHI,"DST21","10","-","-","2 out of 5 stars","-126"
"322",15,"Jake Tonges",SF,"TE40","8","-","-","3 out of 5 stars","-14"
"323",15,"Xavier Hutchinson",HOU,"WR112","8","-","-","3 out of 5 stars","+342"
"324",15,"Darnell Washington",PIT,"TE41","9","-","-","2 out of 5 stars","-29"
"325",15,"Elijah Arroyo",SEA,"TE42","11","-","-","3 out of 5 stars","+29"
"326",15,"Trey Smack",GB,"K19","11","-","-","4 out of 5 stars","-115"
"327",15,"Joe Mixon",FA,"RB98","-","-","-","-","-63"
"328",15,"Jahan Dotson",ATL,"WR113","11","-","-","3 out of 5 stars","+209"
"329",15,"Jalen Royals",KC,"WR114","5","-","-","2 out of 5 stars","+164"
"330",15,"Bryce Lance",NO,"WR115","8","-","-","3 out of 5 stars","+148"
"331",15,"J.J. McCarthy",MIN,"QB36","6","-","-","5 out of 5 stars","-80"
"332",15,"Tahj Brooks",CIN,"RB99","6","-","-","2 out of 5 stars","+183"
"333",15,"Cole Kmet",CHI,"TE43","10","-","-","2 out of 5 stars","-40"
"334",15,"Luke McCaffrey",WAS,"WR116","7","-","-","2 out of 5 stars","-2"
"335",15,"Bam Knight",ARI,"RB100","14","-","-","2 out of 5 stars","+140"
"336",15,"Olamide Zaccheaus",ATL,"WR117","11","-","-","3 out of 5 stars","+284"
"337",15,"Kendrick Bourne",ARI,"WR118","14","-","-","2 out of 5 stars","+323"
"338",15,"Jalen Tolbert",MIA,"WR119","6","-","-","3 out of 5 stars","+237"
"339",15,"Konata Mumpfield",LAR,"WR120","11","-","-","1 out of 5 stars","+42"
"340",15,"Eli Raridon",NE,"TE44","11","-","-","4 out of 5 stars","+64"
"341",15,"Noah Gray",KC,"TE45","5","-","-","4 out of 5 stars","+23"
"342",15,"Tez Johnson",TB,"WR121","10","-","-","4 out of 5 stars","+117"
"343",15,"Cedric Tillman",NO,"WR122","8","-","-","3 out of 5 stars","-"
"344",15,"Joshua Palmer",BUF,"WR123","7","-","-","4 out of 5 stars","+1"
"345",15,"John Metchie III",CAR,"WR124","5","-","-","2 out of 5 stars","+305"
"346",15,"Tyler Higbee",LAR,"TE46","11","-","-","4 out of 5 stars","0"
"347",15,"Roman Wilson",PIT,"WR125","9","-","-","3 out of 5 stars","+159"
"348",15,"Kareem Hunt",FA,"RB101","-","-","-","-","+53"
"349",15,"Carson Beck",ARI,"QB37","14","-","-","2 out of 5 stars","+95"
"350",15,"Brenen Thompson",LAC,"WR126","7","-","-","2 out of 5 stars","+311"
"351",15,"Chris Brazzell II",CAR,"WR127","5","-","-","2 out of 5 stars","+331"
"352",15,"Erick All Jr.",CIN,"TE47","6","-","-","3 out of 5 stars","+150"
"353",15,"Treylon Burks",WAS,"WR128","7","-","-","2 out of 5 stars","+292"
"354",15,"Kalif Raymond",CHI,"WR129","10","-","-","3 out of 5 stars","+75"
"355",15,"Jacob Saylors",DET,"RB102","6","-","-","5 out of 5 stars","+67"
"356",15,"Dont'e Thornton Jr.",LV,"WR130","13","-","-","2 out of 5 stars","+257"
"357",15,"Zane Gonzalez",FA,"K20","-","-","-","-","+126"
"358",15,"Dallas Cowboys",DAL,"DST22","14","-","-","1 out of 5 stars","-171"
"359",15,"KaVontae Turpin",DAL,"WR131","14","-","-","2 out of 5 stars","-8"
"360",15,"Oscar Delp",NO,"TE48","8","4 out of 5","4 out of 5","2 out of 5 stars","+287"
"361",15,"Justin Fields",KC,"QB38","5","-","-","2 out of 5 stars","-18"
"362",15,"Jaylin Lane",WAS,"WR132","7","-","-","2 out of 5 stars","+237"
"363",15,"Mac Jones",SF,"QB39","8","-","-","1 out of 5 stars","+119"
"364",15,"Jake Elliott",PHI,"K21","10","-","-","5 out of 5 stars","-121"
"365",15,"Kyle Juszczyk",SF,"RB103","8","-","-","2 out of 5 stars","+41"
"366",15,"John Bates",WAS,"TE49","7","-","-","1 out of 5 stars","+290"
"367",15,"Michael Carter",TEN,"RB104","9","-","-","3 out of 5 stars","+214"
"368",16,"Tutu Atwell",LAR,"WR133","11","-","-","1 out of 5 stars","+267"
"369",16,"Ja'Tavion Sanders",CAR,"TE50","5","-","-","2 out of 5 stars","-21"
"370",16,"Dawson Knox",BUF,"TE51","7","-","-","3 out of 5 stars","-50"
"371",16,"Anthony Richardson Sr.",IND,"QB40","13","-","-","4 out of 5 stars","+55"
"372",16,"Tampa Bay Buccaneers",TB,"DST23","10","-","-","4 out of 5 stars","-86"
"373",16,"Roschon Johnson",CHI,"RB105","10","-","-","2 out of 5 stars","-34"
"374",16,"Rasheen Ali",BAL,"RB106","13","-","-","3 out of 5 stars","-"
"375",16,"Raheim Sanders",CLE,"RB107","11","-","-","3 out of 5 stars","+269"
"376",16,"Jordan Whittington",LAR,"WR134","11","-","-","1 out of 5 stars","-6"
"377",16,"Odell Beckham Jr.",NYG,"WR135","8","-","-","4 out of 5 stars","-94"
"378",16,"Malik Benson",LV,"WR136","13","-","-","2 out of 5 stars","+171"
"379",16,"Miami Dolphins",MIA,"DST24","6","-","-","3 out of 5 stars","-87"
"380",16,"Ty Simpson",LAR,"QB41","11","-","-","3 out of 5 stars","-110"
"381",16,"Demarcus Robinson",SF,"WR137","8","-","-","2 out of 5 stars","+24"
"382",16,"Colbie Young",CIN,"WR138","6","-","-","4 out of 5 stars","-35"
"383",16,"Noah Fant",NO,"TE52","8","-","-","2 out of 5 stars","+74"
"384",16,"Tommy Tremble",CAR,"TE53","5","-","-","2 out of 5 stars","+6"
"385",16,"CJ Daniels",LAR,"WR139","11","-","-","1 out of 5 stars","-26"
"386",16,"Max Klare",LAR,"TE54","11","-","-","4 out of 5 stars","+7"
"387",16,"Mitchell Evans",CAR,"TE55","5","-","-","2 out of 5 stars","+77"
"388",16,"Justin Joly",MIA,"TE56","6","-","-","5 out of 5 stars","+21"
"389",16,"Deion Burks",IND,"WR140","13","-","-","4 out of 5 stars","+132"
"390",16,"Zavion Thomas",CHI,"WR141","10","-","-","3 out of 5 stars","-87"
"391",16,"Savion Williams",GB,"WR142","11","-","-","5 out of 5 stars","+267"
"392",16,"Ben Sinnott",WAS,"TE57","7","-","-","1 out of 5 stars","+270"
"393",16,"Austin Hooper",ATL,"TE58","11","-","-","3 out of 5 stars","+97"
"394",16,"Jameis Winston",NYG,"QB42","8","-","-","4 out of 5 stars","-80"
"395",16,"Jackson Hawes",BUF,"TE59","7","-","-","3 out of 5 stars","+41"
"396",16,"Daniel Bellinger",TEN,"TE60","9","-","-","3 out of 5 stars","+207"
"397",16,"Elijah Higgins",ARI,"TE61","14","-","-","2 out of 5 stars","-24"
"398",16,"Joe Flacco",CIN,"QB43","6","-","-","3 out of 5 stars","-60"
"399",16,"Marlin Klein",HOU,"TE62","8","-","-","4 out of 5 stars","+156"